.model,Date,extent,trend,season_12,remainder,season_adjust
STL(extent ~ trend() + season(period = 12)),1978-11-01,11.65,12.701438511862946,-1.0377788002264365,-0.013659711636510252,12.687778800226436
STL(extent ~ trend() + season(period = 12)),1978-12-01,13.67,12.655824307047219,1.1238825762577451,-0.10970688330496436,12.546117423742254
STL(extent ~ trend() + season(period = 12)),1979-01-01,15.41,12.610210102231491,2.6726843559694418,0.12710554179906808,12.73731564403056
STL(extent ~ trend() + season(period = 12)),1979-02-01,16.18,12.564595897415764,3.5494848965592842,0.06591920602495094,12.630515103440715
STL(extent ~ trend() + season(period = 12)),1979-03-01,16.34,12.522043686582773,3.684161936251213,0.13379437716601394,12.655838063748787
STL(extent ~ trend() + season(period = 12)),1979-04-01,15.45,12.47949147574978,2.9986515523623996,-0.028143028112181057,12.4513484476376
STL(extent ~ trend() + season(period = 12)),1979-05-01,13.86,12.43693926491679,1.5058121816252126,-0.08275144654200339,12.354187818374786
STL(extent ~ trend() + season(period = 12)),1979-06-01,12.53,12.397930134592874,0.07633908346490498,0.05573078194221992,12.453660916535094
STL(extent ~ trend() + season(period = 12)),1979-07-01,10.31,12.358921004268959,-2.024601471254276,-0.024319533014681483,12.334601471254278
STL(extent ~ trend() + season(period = 12)),1979-08-01,8.04,12.319911873945044,-4.3021536752171485,0.022241801272103956,12.342153675217148
STL(extent ~ trend() + season(period = 12)),1979-09-01,7.05,12.295455889395699,-5.026163837371261,-0.21929205202443747,12.076163837371261
STL(extent ~ trend() + season(period = 12)),1979-10-01,8.75,12.270999904846356,-3.219682394096095,-0.3013175107502608,11.969682394096095
STL(extent ~ trend() + season(period = 12)),1979-11-01,10.94,12.246543920297011,-1.03294753187272,-0.27359638842429135,11.97294753187272
STL(extent ~ trend() + season(period = 12)),1979-12-01,13.34,12.243452219613122,1.1212789196010893,-0.024731139214210884,12.218721080398911
STL(extent ~ trend() + season(period = 12)),1980-01-01,14.86,12.240360518929233,2.669981775289363,-0.050342294218596706,12.190018224710636
STL(extent ~ trend() + season(period = 12)),1980-02-01,15.96,12.237268818245344,3.546914928218003,0.1758162535366541,12.413085071781998
STL(extent ~ trend() + season(period = 12)),1980-03-01,16.04,12.257261816122455,3.684427344356344,0.09831083952120068,12.355572655643655
STL(extent ~ trend() + season(period = 12)),1980-04-01,15.43,12.277254813999564,3.00015443736376,0.1525907486366762,12.42984556263624
STL(extent ~ trend() + season(period = 12)),1980-05-01,13.79,12.297247811876675,1.50796169716451,-0.015209509041186564,12.282038302835488
STL(extent ~ trend() + season(period = 12)),1980-06-01,12.2,12.304284232914942,0.07572711076685658,-0.18001134368179805,12.124272889233144
STL(extent ~ trend() + season(period = 12)),1980-07-01,10.1,12.31132065395321,-2.0248924600207294,-0.1864281939324819,12.124892460020728
STL(extent ~ trend() + season(period = 12)),1980-08-01,7.98,12.318357074991477,-4.305098908997565,-0.03325816599391196,12.285098908997565
STL(extent ~ trend() + season(period = 12)),1980-09-01,7.67,12.305439845737755,-5.027547483605879,0.3921076378681221,12.697547483605877
STL(extent ~ trend() + season(period = 12)),1980-10-01,9.18,12.292522616484032,-3.215585569094856,0.10306295261082354,12.395585569094855
STL(extent ~ trend() + season(period = 12)),1980-11-01,11.38,12.27960538723031,-1.0281027315639424,0.12849734433363302,12.408102731563943
STL(extent ~ trend() + season(period = 12)),1980-12-01,13.59,12.271497605896435,1.118678390317918,0.1998240037856469,12.471321609682082
STL(extent ~ trend() + season(period = 12)),1981-01-01,14.91,12.263389824562562,2.6672719174011923,-0.02066174196375492,12.242728082598807
STL(extent ~ trend() + season(period = 12)),1981-02-01,15.6,12.255282043228688,3.5443361277250838,-0.1996181709537712,12.055663872274916
STL(extent ~ trend() + season(period = 12)),1981-03-01,15.63,12.235814357274432,3.68468236536629,-0.29049672264072335,11.945317634633708
STL(extent ~ trend() + season(period = 12)),1981-04-01,15.01,12.216346671320178,3.0016572935334733,-0.2080039648536509,12.008342706466527
STL(extent ~ trend() + season(period = 12)),1981-05-01,13.8,12.196878985365922,1.5101215421356968,0.09299947249838247,12.289878457864305
STL(extent ~ trend() + season(period = 12)),1981-06-01,12.43,12.196893065668602,0.07514202225674718,0.15796491207465024,12.354857977743253
STL(extent ~ trend() + season(period = 12)),1981-07-01,10.27,12.196907145971284,-2.0251400098431938,0.09823286387190855,12.295140009843193
STL(extent ~ trend() + season(period = 12)),1981-08-01,7.84,12.196921226273965,-4.307986309624108,-0.04893491664985561,12.147986309624109
STL(extent ~ trend() + season(period = 12)),1981-09-01,7.14,12.219447679395945,-5.028858902476736,-0.050588776919209266,12.168858902476735
STL(extent ~ trend() + season(period = 12)),1981-10-01,8.86,12.241974132517926,-3.211410225316297,-0.17056390720163073,12.071410225316296
STL(extent ~ trend() + season(period = 12)),1981-11-01,10.93,12.264500585639906,-1.017947752686559,-0.3165528329533469,11.94794775268656
STL(extent ~ trend() + season(period = 12)),1981-12-01,13.34,12.283512498642938,1.1159594326442912,-0.05947193128723072,12.224040567355708
STL(extent ~ trend() + season(period = 12)),1982-01-01,15.18,12.30252441164597,2.662039277348644,0.2154363110053854,12.517960722651356
STL(extent ~ trend() + season(period = 12)),1982-02-01,15.97,12.321536324649003,3.538078551519419,0.11038512383157872,12.431921448480582
STL(extent ~ trend() + season(period = 12)),1982-03-01,16.04,12.348428650430545,3.680346697451089,0.011224652118364986,12.35965330254891
STL(extent ~ trend() + season(period = 12)),1982-04-01,15.47,12.37532097621209,3.002870937250115,0.09180808653779415,12.467129062749883
STL(extent ~ trend() + season(period = 12)),1982-05-01,13.97,12.402213301993632,1.5154341852050677,0.05235251280130093,12.454565814794933
STL(extent ~ trend() + season(period = 12)),1982-06-01,12.48,12.41725749045596,0.07369831374428497,-0.010955804200243335,12.406301686255716
STL(extent ~ trend() + season(period = 12)),1982-07-01,10.37,12.432301678918288,-2.0241546431014497,-0.03814703581683965,12.394154643101448
STL(extent ~ trend() + season(period = 12)),1982-08-01,8.14,12.447345867380616,-4.316009943162669,0.00866407578205397,12.45600994316267
STL(extent ~ trend() + season(period = 12)),1982-09-01,7.3,12.437029166638828,-5.029228102811712,-0.1078010638271163,12.329228102811712
STL(extent ~ trend() + season(period = 12)),1982-10-01,9.42,12.426712465897042,-3.1961398335094025,0.18942736761236212,12.616139833509404
STL(extent ~ trend() + season(period = 12)),1982-11-01,11.63,12.416395765155254,-1.0085141057785647,0.22211834062331093,12.638514105778565
STL(extent ~ trend() + season(period = 12)),1982-12-01,13.64,12.408670458427979,1.1124364019986555,0.11889313957336611,12.527563598001345
STL(extent ~ trend() + season(period = 12)),1983-01-01,14.94,12.400945151700705,2.655919823321467,-0.11686497502217286,12.284080176678533
STL(extent ~ trend() + season(period = 12)),1983-02-01,16.01,12.39321984497343,3.530853544209781,0.08592661081679154,12.479146455790222
STL(extent ~ trend() + season(period = 12)),1983-03-01,16.09,12.386384868073822,3.6749629813025693,0.02865215062360882,12.415037018697431
STL(extent ~ trend() + season(period = 12)),1983-04-01,15.17,12.379549891174213,3.002984430416949,-0.21253432159116237,12.16701556958305
STL(extent ~ trend() + season(period = 12)),1983-05-01,13.49,12.372714914274605,1.5195945754081412,-0.4023094896827448,11.97040542459186
STL(extent ~ trend() + season(period = 12)),1983-06-01,12.3,12.344455858402602,0.07110708781905706,-0.11556294622165808,12.228892912180944
STL(extent ~ trend() + season(period = 12)),1983-07-01,10.57,12.316196802530602,-2.024312058318939,0.27811525578833773,12.59431205831894
STL(extent ~ trend() + season(period = 12)),1983-08-01,8.19,12.2879377466586,-4.325103097173785,0.22716535051518605,12.515103097173785
STL(extent ~ trend() + season(period = 12)),1983-09-01,7.39,12.260008439445079,-5.030593562132565,0.16058512268748792,12.420593562132566
STL(extent ~ trend() + season(period = 12)),1983-10-01,9.33,12.232079132231556,-3.181725371635199,0.2796462394036432,12.5117253716352
STL(extent ~ trend() + season(period = 12)),1983-11-01,11.46,12.204149825018035,-0.9787069693731153,0.23455714435508135,12.438706969373117
STL(extent ~ trend() + season(period = 12)),1983-12-01,13.3,12.17525218390503,1.096687509256756,0.028060306838213478,12.203312490743244
STL(extent ~ trend() + season(period = 12)),1984-01-01,14.47,12.146354542792023,2.656354217304303,-0.33270876009632566,11.813645782695698
STL(extent ~ trend() + season(period = 12)),1984-02-01,15.3,12.117456901679018,3.5307303479142553,-0.3481872495932734,11.769269652085745
STL(extent ~ trend() + season(period = 12)),1984-03-01,15.58,12.076312725247913,3.68209694788052,-0.17840967312843148,11.897903052119482
STL(extent ~ trend() + season(period = 12)),1984-04-01,15.01,12.03516854881681,2.9972204816775387,-0.022389030494348816,12.01277951832246
STL(extent ~ trend() + season(period = 12)),1984-05-01,13.58,11.994024372385704,1.5071377285699676,0.07883789904432881,12.072862271430033
STL(extent ~ trend() + season(period = 12)),1984-06-01,12.15,11.98175160510932,0.06156442520789284,0.1066839696827877,12.088435574792108
STL(extent ~ trend() + season(period = 12)),1984-07-01,9.98,11.969478837832936,-2.0313646936261645,0.0418858557932289,12.011364693626165
STL(extent ~ trend() + season(period = 12)),1984-08-01,7.77,11.957206070556552,-4.343068519728039,0.15586244917148662,12.113068519728039
STL(extent ~ trend() + season(period = 12)),1984-09-01,6.81,11.976270467511064,-5.025986288198335,-0.1402841793127294,11.835986288198335
STL(extent ~ trend() + season(period = 12)),1984-10-01,8.56,11.995334864465578,-3.1582469452142505,-0.27708791925132736,11.71824694521425
STL(extent ~ trend() + season(period = 12)),1984-11-01,10.84,12.01439926142009,-0.9482608215685596,-0.22613843985153004,11.78826082156856
STL(extent ~ trend() + season(period = 12)),1984-12-01,12.99,12.018330504675237,1.0812568156964064,-0.10958732037164332,11.908743184303594
STL(extent ~ trend() + season(period = 12)),1985-01-01,14.72,12.022261747930383,2.6567859982511326,0.04095225381848522,12.063214001748868
STL(extent ~ trend() + season(period = 12)),1985-02-01,15.47,12.02619299118553,3.530177613807897,-0.08637060499342653,11.939822386192104
STL(extent ~ trend() + season(period = 12)),1985-03-01,15.89,12.022201824656735,3.688374451872814,0.17942372347045143,12.201625548127186
STL(extent ~ trend() + season(period = 12)),1985-04-01,15.36,12.018210658127941,2.990190735350547,0.3515986065215113,12.369809264649453
STL(extent ~ trend() + season(period = 12)),1985-05-01,14.07,12.014219491599146,1.4930057491422868,0.5627747592585681,12.576994250857714
STL(extent ~ trend() + season(period = 12)),1985-06-01,12.22,12.017981208338801,0.05011256280317916,0.15190622885802085,12.169887437196822
STL(extent ~ trend() + season(period = 12)),1985-07-01,9.74,12.021742925078454,-2.0405605959309816,-0.24118232914747217,11.780560595930982
STL(extent ~ trend() + season(period = 12)),1985-08-01,7.4,12.02550464181811,-4.363146716835288,-0.26235792498282073,11.763146716835289
STL(extent ~ trend() + season(period = 12)),1985-09-01,6.7,12.018896376186872,-5.0234612963725045,-0.2954350798143661,11.723461296372506
STL(extent ~ trend() + season(period = 12)),1985-10-01,8.55,12.012288110555636,-3.1364935594805656,-0.3257945510750684,11.686493559480567
STL(extent ~ trend() + season(period = 12)),1985-11-01,11.02,12.005679844924398,-0.9310469810074796,-0.05463286391691824,11.95104698100748
STL(extent ~ trend() + season(period = 12)),1985-12-01,13.05,12.017160455156773,1.1166315041433164,-0.08379195930008976,11.933368495856683
STL(extent ~ trend() + season(period = 12)),1986-01-01,14.89,12.028641065389147,2.692316333020019,0.16904260159083506,12.197683666979982
STL(extent ~ trend() + season(period = 12)),1986-02-01,15.78,12.040121675621522,3.537334090227487,0.20254423415098977,12.242665909772512
STL(extent ~ trend() + season(period = 12)),1986-03-01,15.91,12.081989024763422,3.692476890875837,0.13553408436074044,12.217523109124162
STL(extent ~ trend() + season(period = 12)),1986-04-01,15.06,12.123856373905321,2.9466848138064003,-0.010541187711721633,12.1133151861936
STL(extent ~ trend() + season(period = 12)),1986-05-01,13.38,12.16572372304722,1.4683342951383183,-0.2540580181855372,11.911665704861683
STL(extent ~ trend() + season(period = 12)),1986-06-01,11.98,12.189441124643364,0.0470507361136854,-0.2564918607570501,11.932949263886314
STL(extent ~ trend() + season(period = 12)),1986-07-01,10.15,12.213158526239507,-2.0753651090665928,0.012206582827086976,12.225365109066594
STL(extent ~ trend() + season(period = 12)),1986-08-01,7.98,12.236875927835651,-4.39097279942609,0.13409687159044026,12.370972799426092
STL(extent ~ trend() + season(period = 12)),1986-09-01,7.41,12.252184171666688,-5.023667918120854,0.1814837464541661,12.433667918120854
STL(extent ~ trend() + season(period = 12)),1986-10-01,9.48,12.267492415497722,-3.132172866431951,0.34468045093422894,12.612172866431951
STL(extent ~ trend() + season(period = 12)),1986-11-01,11.45,12.282800659328759,-0.9086993944315899,0.07589873510283063,12.35869939443159
STL(extent ~ trend() + season(period = 12)),1986-12-01,13.22,12.291166254365077,1.1566309076803363,-0.22779716204541245,12.063369092319665
STL(extent ~ trend() + season(period = 12)),1987-01-01,14.97,12.299531849401397,2.7319623519543166,-0.06149420135571404,12.238037648045683
STL(extent ~ trend() + season(period = 12)),1987-02-01,16.05,12.307897444437716,3.547896494733205,0.19420606082907987,12.502103505266795
STL(extent ~ trend() + season(period = 12)),1987-03-01,15.82,12.293531672937087,3.699275501885705,-0.1728071748227915,12.120724498114296
STL(extent ~ trend() + season(period = 12)),1987-04-01,15.21,12.279165901436457,2.9051162515885878,0.02571784697495616,12.304883748411413
STL(extent ~ trend() + season(period = 12)),1987-05-01,13.74,12.264800129935828,1.4448413877801738,0.03035848228399729,12.295158612219826
STL(extent ~ trend() + season(period = 12)),1987-06-01,12.49,12.25087917612394,0.044476886504223226,0.19464393737183805,12.445523113495778
STL(extent ~ trend() + season(period = 12)),1987-07-01,10.33,12.236958222312053,-2.110372214687965,0.2034139923759124,12.440372214687965
STL(extent ~ trend() + season(period = 12)),1987-08-01,7.468440356837348,12.223037268500164,-4.419565435585409,-0.3350314760774076,11.888005792422756
STL(extent ~ trend() + season(period = 12)),1987-09-01,7.28,12.20927344703501,-5.025205054520474,0.09593160748546481,12.305205054520474
STL(extent ~ trend() + season(period = 12)),1987-10-01,9.05,12.195509625569857,-3.1296155921015516,-0.01589403346830487,12.179615592101552
STL(extent ~ trend() + season(period = 12)),1987-11-01,11.22,12.181745804104702,-0.8744488797223074,-0.08729692438239489,12.094448879722307
STL(extent ~ trend() + season(period = 12)),1987-12-01,13.346776166145503,12.169718327698488,1.2104509347050387,-0.033393096258024,12.136325231440464
STL(extent ~ trend() + season(period = 12)),1988-01-01,14.896998388367805,12.157690851292276,2.7528602742734827,-0.013552737197953135,12.144138114094323
STL(extent ~ trend() + season(period = 12)),1988-02-01,15.58,12.145663374886063,3.560611318224437,-0.12627469311049921,12.019388681775563
STL(extent ~ trend() + season(period = 12)),1988-03-01,15.96,12.150531766111662,3.6941521073838786,0.11531612650446021,12.265847892616122
STL(extent ~ trend() + season(period = 12)),1988-04-01,15.12,12.155400157337262,2.8658918747352544,0.09870796792748315,12.254108125264745
STL(extent ~ trend() + season(period = 12)),1988-05-01,13.56,12.160268548562861,1.410535253416776,-0.010803801979637484,12.149464746583224
STL(extent ~ trend() + season(period = 12)),1988-06-01,11.94,12.158703524368013,0.050437440291075934,-0.26914096465908877,11.889562559708924
STL(extent ~ trend() + season(period = 12)),1988-07-01,9.81,12.157138500173167,-2.127589795364098,-0.2195487048090694,11.937589795364097
STL(extent ~ trend() + season(period = 12)),1988-08-01,7.89,12.155573475978318,-4.429389274306506,0.16381579832818716,12.319389274306506
STL(extent ~ trend() + season(period = 12)),1988-09-01,7.37,12.133005570679929,-5.045356664252818,0.2823510935728901,12.415356664252819
STL(extent ~ trend() + season(period = 12)),1988-10-01,9.13,12.110437665381541,-3.1154609711403376,0.13502330575879817,12.24546097114034
STL(extent ~ trend() + season(period = 12)),1988-11-01,11.33,12.087869760083152,-0.8429744966585744,0.08510473657542406,12.172974496658576
STL(extent ~ trend() + season(period = 12)),1988-12-01,13.63,12.077743057770869,1.261998360282824,0.2902585819463077,12.368001639717177
STL(extent ~ trend() + season(period = 12)),1989-01-01,14.95,12.067616355458588,2.7719891253443634,0.11039451919704746,12.178010874655635
STL(extent ~ trend() + season(period = 12)),1989-02-01,15.5,12.057489653146305,3.572124860037249,-0.12961451318355444,11.927875139962751
STL(extent ~ trend() + season(period = 12)),1989-03-01,15.42,12.043896469685148,3.688395220773497,-0.312291690458645,11.731604779226503
STL(extent ~ trend() + season(period = 12)),1989-04-01,14.33,12.03030328622399,2.8265565387408067,-0.5268598249647969,11.503443461259193
STL(extent ~ trend() + season(period = 12)),1989-05-01,13.04,12.016710102762833,1.376640692879706,-0.35335079564253924,11.663359307120293
STL(extent ~ trend() + season(period = 12)),1989-06-01,12.24,12.01117966493292,0.05720025618501007,0.17162007888206965,12.18279974381499
STL(extent ~ trend() + season(period = 12)),1989-07-01,10.13,12.005649227103005,-2.1436144256523955,0.26796519854939227,12.273614425652397
STL(extent ~ trend() + season(period = 12)),1989-08-01,7.88,12.000118789273092,-4.437788231417494,0.3176694421444033,12.317788231417495
STL(extent ~ trend() + season(period = 12)),1989-09-01,7.01,12.003555805287583,-5.063851461152778,0.07029565586519482,12.073851461152778
STL(extent ~ trend() + season(period = 12)),1989-10-01,8.83,12.006992821302076,-3.099589134906405,-0.0774036863956713,11.929589134906404
STL(extent ~ trend() + season(period = 12)),1989-11-01,11.12,12.010429837316567,-0.8178386453797328,-0.07259119193683539,11.937838645379731
STL(extent ~ trend() + season(period = 12)),1989-12-01,13.39,11.972392174966593,1.2955829876514964,0.12202483738191106,12.094417012348504
STL(extent ~ trend() + season(period = 12)),1990-01-01,14.78,11.934354512616622,2.773146432960797,0.07249905442257898,12.006853567039201
STL(extent ~ trend() + season(period = 12)),1990-02-01,15.58,11.896316850266649,3.563679523256727,0.12000362647662399,12.016320476743273
STL(extent ~ trend() + season(period = 12)),1990-03-01,15.87,11.848245865510902,3.6808260045406156,0.3409281299484821,12.189173995459385
STL(extent ~ trend() + season(period = 12)),1990-04-01,14.65,11.800174880755156,2.8275893797948433,0.0222357394500019,11.822410620205158
STL(extent ~ trend() + season(period = 12)),1990-05-01,13.23,11.75210389599941,1.3818092706256115,0.09608683337497936,11.848190729374389
STL(extent ~ trend() + season(period = 12)),1990-06-01,11.64,11.723780324828958,0.05716910167717099,-0.14094942650612907,11.582830898322829
STL(extent ~ trend() + season(period = 12)),1990-07-01,9.25,11.695456753658505,-2.1626237064358853,-0.2828330472226188,11.412623706435886
STL(extent ~ trend() + season(period = 12)),1990-08-01,6.8,11.667133182488053,-4.434817543054609,-0.43231563943344575,11.234817543054607
STL(extent ~ trend() + season(period = 12)),1990-09-01,6.14,11.66476176089421,-5.101351185346492,-0.42341057554771844,11.241351185346492
STL(extent ~ trend() + season(period = 12)),1990-10-01,8.48,11.66239033930037,-3.1047352381288165,-0.07765510117155294,11.584735238128816
STL(extent ~ trend() + season(period = 12)),1990-11-01,11.08,11.660018917706527,-0.7916013370996356,0.21158241939310862,11.871601337099635
STL(extent ~ trend() + season(period = 12)),1990-12-01,13.11,11.6857702899044,1.3304605911435667,0.09376911895203222,11.779539408856433
STL(extent ~ trend() + season(period = 12)),1991-01-01,14.36,11.711521662102276,2.7757882358227715,-0.12730989792504843,11.584211764177228
STL(extent ~ trend() + season(period = 12)),1991-02-01,15.25,11.73727303430015,3.5569512851127656,-0.04422431941291549,11.693048714887235
STL(extent ~ trend() + season(period = 12)),1991-03-01,15.42,11.754758637027395,3.6752064903353143,-0.009965127362709936,11.744793509664685
STL(extent ~ trend() + season(period = 12)),1991-04-01,14.86,11.772244239754642,2.8307549826108196,0.25700077763453777,12.02924501738918
STL(extent ~ trend() + season(period = 12)),1991-05-01,13.47,11.789729842481886,1.389293669867816,0.2909764876502976,12.080706330132184
STL(extent ~ trend() + season(period = 12)),1991-06-01,12.11,11.792154092306372,0.0594444031823394,0.2584015045112871,12.05055559681766
STL(extent ~ trend() + season(period = 12)),1991-07-01,9.51,11.79457834213086,-2.1793358966896594,-0.10524244544120087,11.68933589668966
STL(extent ~ trend() + season(period = 12)),1991-08-01,7.42,11.797002591955346,-4.429827322703243,0.05282473074789529,11.849827322703241
STL(extent ~ trend() + season(period = 12)),1991-09-01,6.47,11.799055246174705,-5.1371089360929645,-0.19194631008174134,11.607108936092963
STL(extent ~ trend() + season(period = 12)),1991-10-01,8.54,11.801107900394062,-3.108687970153183,-0.15241993024087996,11.648687970153182
STL(extent ~ trend() + season(period = 12)),1991-11-01,10.88,11.80316055461342,-0.7761509249409977,-0.14700962967242148,11.656150924940999
STL(extent ~ trend() + season(period = 12)),1991-12-01,12.95,11.83053233405972,1.3320394774580795,-0.21257181151780102,11.61796052254192
STL(extent ~ trend() + season(period = 12)),1992-01-01,14.64,11.857904113506018,2.7664305495230286,0.015665336970952737,11.873569450476971
STL(extent ~ trend() + season(period = 12)),1992-02-01,15.46,11.885275892952318,3.562491762706219,0.01223234434146292,11.897508237293781
STL(extent ~ trend() + season(period = 12)),1992-03-01,15.48,11.938128014098961,3.65734901989996,-0.11547703399892129,11.82265098010004
STL(extent ~ trend() + season(period = 12)),1992-04-01,14.68,11.990980135245605,2.843642138877939,-0.154622274123545,11.83635786112206
STL(extent ~ trend() + season(period = 12)),1992-05-01,13.22,12.043832256392248,1.4088264372310173,-0.2326586936232644,11.811173562768984
STL(extent ~ trend() + season(period = 12)),1992-06-01,12.15,12.081984005466685,0.054696839362198824,0.013319155171116037,12.095303160637801
STL(extent ~ trend() + season(period = 12)),1992-07-01,10.32,12.120135754541124,-2.1824268877014807,0.3822911331603578,12.502426887701482
STL(extent ~ trend() + season(period = 12)),1992-08-01,7.93,12.158287503615561,-4.422605473101939,0.19431796948637725,12.352605473101939
STL(extent ~ trend() + season(period = 12)),1992-09-01,7.47,12.171869117596549,-5.117610213081775,0.41574109548522564,12.587610213081774
STL(extent ~ trend() + season(period = 12)),1992-10-01,9.32,12.185450731577538,-3.120928495182802,0.2554777636052652,12.440928495182803
STL(extent ~ trend() + season(period = 12)),1992-11-01,11.38,12.199032345558525,-0.7660338717262237,-0.052998473832300164,12.146033871726225
STL(extent ~ trend() + season(period = 12)),1992-12-01,13.41,12.168426201837883,1.3291764097225187,-0.08760261156040272,12.08082359027748
STL(extent ~ trend() + season(period = 12)),1993-01-01,14.9,12.137820058117244,2.7535223140670033,0.008657627815752633,12.146477685932997
STL(extent ~ trend() + season(period = 12)),1993-02-01,15.69,12.107213914396603,3.565694032380097,0.01709205322329943,12.124305967619902
STL(extent ~ trend() + season(period = 12)),1993-03-01,15.81,12.063875718675146,3.638365682781735,0.10775859854311953,12.171634317218265
STL(extent ~ trend() + season(period = 12)),1993-04-01,15.08,12.02053752295369,2.8567112330155666,0.20275124403074152,12.223288766984432
STL(extent ~ trend() + season(period = 12)),1993-05-01,13.37,11.977199327232233,1.4298489470181057,-0.037048274250340185,11.940151052981893
STL(extent ~ trend() + season(period = 12)),1993-06-01,11.87,11.958773730100662,0.05261741869561612,-0.1413911487962789,11.817382581304383
STL(extent ~ trend() + season(period = 12)),1993-07-01,9.48,11.940348132969088,-2.1816713348300736,-0.27867679813901347,11.661671334830075
STL(extent ~ trend() + season(period = 12)),1993-08-01,7.33,11.921922535837517,-4.410707991649289,-0.18121454418822758,11.74070799164929
STL(extent ~ trend() + season(period = 12)),1993-09-01,6.4,11.919226430750227,-5.092606770251125,-0.42661966049910127,11.492606770251125
STL(extent ~ trend() + season(period = 12)),1993-10-01,8.79,11.916530325662938,-3.1273596083980135,8.292827350739884e-4,11.917359608398012
STL(extent ~ trend() + season(period = 12)),1993-11-01,11.32,11.913834220575648,-0.8226992292534933,0.22886500867784498,12.142699229253493
STL(extent ~ trend() + season(period = 12)),1993-12-01,13.32,11.933405834948404,1.3106442088757733,0.07594995617582256,12.009355791124227
STL(extent ~ trend() + season(period = 12)),1994-01-01,14.73,11.952977449321162,2.7467229619212183,0.030299588757619844,11.983277038078782
STL(extent ~ trend() + season(period = 12)),1994-02-01,15.56,11.972549063693918,3.5849504571643878,0.0025004791416947114,11.975049542835613
STL(extent ~ trend() + season(period = 12)),1994-03-01,15.55,11.99142990603567,3.6297836020304586,-0.07121350806612803,11.920216397969542
STL(extent ~ trend() + season(period = 12)),1994-04-01,14.89,12.01031074837742,2.851011914631205,0.02867733699137709,12.038988085368796
STL(extent ~ trend() + season(period = 12)),1994-05-01,13.62,12.02919159071917,1.4477317889722559,0.14307662030857138,12.172268211027742
STL(extent ~ trend() + season(period = 12)),1994-06-01,12.02,12.019746936572492,0.043651027487982226,-0.04339796406047469,11.976348972512017
STL(extent ~ trend() + season(period = 12)),1994-07-01,9.93,12.010302282425812,-2.176909320178605,0.09660703775279345,12.106909320178605
STL(extent ~ trend() + season(period = 12)),1994-08-01,7.64,12.000857628279133,-4.3696639704333515,0.008806342154217717,12.009663970433351
STL(extent ~ trend() + season(period = 12)),1994-09-01,7.14,11.966538993173147,-5.047635636629174,0.2210966434560273,12.187635636629174
STL(extent ~ trend() + season(period = 12)),1994-10-01,8.92,11.93222035806716,-3.1408491837643098,0.12862882569714884,12.06084918376431
STL(extent ~ trend() + season(period = 12)),1994-11-01,11.12,11.897901722961175,-0.8802902447852552,0.10238852182408031,12.000290244785255
STL(extent ~ trend() + season(period = 12)),1994-12-01,13.27,11.833848163936679,1.2910646891544573,0.14508714690886393,11.978935310845543
STL(extent ~ trend() + season(period = 12)),1995-01-01,14.59,11.769794604912184,2.738754630030786,0.08145076505702953,11.851245369969213
STL(extent ~ trend() + season(period = 12)),1995-02-01,15.23,11.705741045887688,3.602991680110303,-0.07873272599799108,11.627008319889697
STL(extent ~ trend() + season(period = 12)),1995-03-01,15.26,11.640238071704337,3.6199400973470786,-1.781690514146561e-4,11.640059902652922
STL(extent ~ trend() + season(period = 12)),1995-04-01,14.45,11.574735097520984,2.8438907624651644,0.03137414001385075,11.606109237534834
STL(extent ~ trend() + season(period = 12)),1995-05-01,12.97,11.509232123337632,1.4640323872951524,-0.003264510632783768,11.505967612704849
STL(extent ~ trend() + season(period = 12)),1995-06-01,11.44,11.475379528949093,0.032786998065785104,-0.06816652701487769,11.407213001934215
STL(extent ~ trend() + season(period = 12)),1995-07-01,8.99,11.441526934560551,-2.1743603383250094,-0.2771665962355421,11.16436033832501
STL(extent ~ trend() + season(period = 12)),1995-08-01,6.74,11.407674340172012,-4.3312048402498675,-0.3364694999221438,11.071204840249868
STL(extent ~ trend() + season(period = 12)),1995-09-01,6.08,11.407855820740386,-5.005621252274254,-0.32223456846613097,11.085621252274255
STL(extent ~ trend() + season(period = 12)),1995-10-01,7.83,11.408037301308758,-3.1576281644877078,-0.42040913682104986,10.987628164487708
STL(extent ~ trend() + season(period = 12)),1995-11-01,10.76,11.408218781877132,-0.9458463076804228,0.297627525803291,11.705846307680423
STL(extent ~ trend() + season(period = 12)),1995-12-01,12.92,11.470828440644015,1.2583108378739167,0.19086072148206945,11.661689162126084
STL(extent ~ trend() + season(period = 12)),1996-01-01,14.18,11.533438099410898,2.7247095032658284,-0.07814760267672582,11.455290496734172
STL(extent ~ trend() + season(period = 12)),1996-02-01,15.15,11.59604775817778,3.6186154669914363,-0.06466322516921785,11.531384533008563
STL(extent ~ trend() + season(period = 12)),1996-03-01,15.12,11.669689370184061,3.6322178045632754,-0.18190717474733908,11.487782195436722
STL(extent ~ trend() + season(period = 12)),1996-04-01,14.22,11.74333098219034,2.8830007933462505,-0.4063317755365876,11.336999206653752
STL(extent ~ trend() + season(period = 12)),1996-05-01,13.09,11.81697259419662,1.5297731726666801,-0.2567457668633004,11.56022682733332
STL(extent ~ trend() + season(period = 12)),1996-06-01,12.08,11.84546474865556,0.03663771804947016,0.19789753329497017,12.04336228195053
STL(extent ~ trend() + season(period = 12)),1996-07-01,10.16,11.8739569031145,-2.1815017525964753,0.4675448494819747,12.341501752596475
STL(extent ~ trend() + season(period = 12)),1996-08-01,8.18,11.90244905757344,-4.318655885331999,0.596206827758559,12.498655885332
STL(extent ~ trend() + season(period = 12)),1996-09-01,7.58,11.908552918734962,-5.039449755562632,0.7108968368276702,12.619449755562632
STL(extent ~ trend() + season(period = 12)),1996-10-01,9.16,11.914656779896482,-3.1748478761461083,0.42019109624962603,12.334847876146108
STL(extent ~ trend() + season(period = 12)),1996-11-01,10.4,11.920760641058004,-1.0095337133360915,-0.5112269277219124,11.409533713336092
STL(extent ~ trend() + season(period = 12)),1996-12-01,12.86,11.885968145153548,1.2277052367486767,-0.25367338190222455,11.632294763251323
STL(extent ~ trend() + season(period = 12)),1997-01-01,14.42,11.85117564924909,2.713092219571973,-0.14426786882106235,11.706907780428027
STL(extent ~ trend() + season(period = 12)),1997-02-01,15.44,11.816383153344633,3.6366610435827007,-0.013044196927333829,11.8033389564173
STL(extent ~ trend() + season(period = 12)),1997-03-01,15.47,11.778114187356055,3.6469112481286325,0.044974564515312565,11.823088751871367
STL(extent ~ trend() + season(period = 12)),1997-04-01,14.56,11.739845221367476,2.924285766802062,-0.1041309881695387,11.635714233197938
STL(extent ~ trend() + season(period = 12)),1997-05-01,13.18,11.701576255378898,1.597448106838499,-0.11902436221739698,11.5825518931615
STL(extent ~ trend() + season(period = 12)),1997-06-01,11.74,11.710944211894683,0.04206400224418955,-0.01300821413887121,11.697935997755811
STL(extent ~ trend() + season(period = 12)),1997-07-01,9.41,11.720312168410466,-2.1874261872461638,-0.12288598116430194,11.597426187246164
STL(extent ~ trend() + season(period = 12)),1997-08-01,7.29,11.72968012492625,-4.305158042544564,-0.13452208238168595,11.595158042544565
STL(extent ~ trend() + season(period = 12)),1997-09-01,6.69,11.74801277759447,-5.072597462733654,0.014584685139185538,11.762597462733655
STL(extent ~ trend() + season(period = 12)),1997-10-01,8.34,11.766345430262687,-3.19143048832162,-0.2349149419410672,11.53143048832162
STL(extent ~ trend() + season(period = 12)),1997-11-01,10.68,11.784678082930906,-1.056731494731136,-0.047946588199771156,11.736731494731135
STL(extent ~ trend() + season(period = 12)),1997-12-01,13.08,11.795675089352432,1.1706520721018163,0.11367283854575128,11.909347927898184
STL(extent ~ trend() + season(period = 12)),1998-01-01,14.72,11.80667209577396,2.703541354290716,0.20978654993532508,12.016458645709285
STL(extent ~ trend() + season(period = 12)),1998-02-01,15.75,11.817669102195486,3.6568218468925484,0.27550905091196576,12.093178153107452
STL(extent ~ trend() + season(period = 12)),1998-03-01,15.6,11.81384507125305,3.6924067617054663,0.09374816704148259,11.907593238294533
STL(extent ~ trend() + season(period = 12)),1998-04-01,14.89,11.810021040310616,2.979825436628804,0.10015352306058034,11.910174563371196
STL(extent ~ trend() + season(period = 12)),1998-05-01,13.59,11.80619700936818,1.6495731225282242,0.1342298681035956,11.940426877471776
STL(extent ~ trend() + season(period = 12)),1998-06-01,11.71,11.786643907825622,0.04339264909910828,-0.12003655692472925,11.666607350900893
STL(extent ~ trend() + season(period = 12)),1998-07-01,9.42,11.767090806283067,-2.201654629360459,-0.14543617692260824,11.621654629360458
STL(extent ~ trend() + season(period = 12)),1998-08-01,7.51,11.747537704740509,-4.315627478441535,0.0780897737010271,11.825627478441536
STL(extent ~ trend() + season(period = 12)),1998-09-01,6.54,11.73794811047384,-5.118927688344208,-0.07902042212963245,11.658927688344207
STL(extent ~ trend() + season(period = 12)),1998-10-01,8.45,11.72835851620717,-3.1962119990618025,-0.08214651714536814,11.646211999061801
STL(extent ~ trend() + season(period = 12)),1998-11-01,10.44,11.7187689219405,-1.102021249255127,-0.17674767268537295,11.542021249255127
STL(extent ~ trend() + season(period = 12)),1998-12-01,12.76,11.717338385981968,1.1147694333920546,-0.07210781937402189,11.645230566607946
STL(extent ~ trend() + season(period = 12)),1999-01-01,14.36,11.715907850023434,2.6944235140126027,-0.050331364036036774,11.665576485987398
STL(extent ~ trend() + season(period = 12)),1999-02-01,15.31,11.714477314064903,3.6764709416168864,-0.08094825568178621,11.633529058383116
STL(extent ~ trend() + season(period = 12)),1999-03-01,15.4,11.713082955760354,3.7364458331081365,-0.04952878886849099,11.663554166891863
STL(extent ~ trend() + season(period = 12)),1999-04-01,15.08,11.711688597455804,3.032939282209289,0.33537212033490604,12.04706071779071
STL(extent ~ trend() + season(period = 12)),1999-05-01,13.75,11.710294239151256,1.6983029318995984,0.3414028289491462,12.051697068100403
STL(extent ~ trend() + season(period = 12)),1999-06-01,11.78,11.702166566963212,0.04051081551376122,0.037322617523026125,11.739489184486239
STL(extent ~ trend() + season(period = 12)),1999-07-01,9.49,11.694038894775167,-2.220908826036934,0.01686993126176972,11.710908826036937
STL(extent ~ trend() + season(period = 12)),1999-08-01,7.23,11.685911222587123,-4.3315916016447344,-0.12431962094238713,11.561591601644736
STL(extent ~ trend() + season(period = 12)),1999-09-01,6.12,11.66219248114508,-5.171221534005038,-0.37097094714004264,11.291221534005038
STL(extent ~ trend() + season(period = 12)),1999-10-01,8.6,11.63847373970304,-3.2068824012069084,0.16840866150386802,11.806882401206908
STL(extent ~ trend() + season(period = 12)),1999-11-01,10.8,11.614754998260997,-1.090355079589146,0.2756000813281503,11.890355079589147
STL(extent ~ trend() + season(period = 12)),1999-12-01,12.64,11.598945813933014,1.105335774324404,-0.06428158825741725,11.534664225675597
STL(extent ~ trend() + season(period = 12)),2000-01-01,14.22,11.58313662960503,2.7108019583850576,-0.0739385879900869,11.509198041614944
STL(extent ~ trend() + season(period = 12)),2000-02-01,15.14,11.567327445277048,3.680962418223578,-0.10828986350062486,11.459037581776423
STL(extent ~ trend() + season(period = 12)),2000-03-01,15.22,11.560365293296158,3.7761305359843673,-0.11649582928052382,11.443869464015634
STL(extent ~ trend() + season(period = 12)),2000-04-01,14.56,11.553403141315266,3.0487942505594603,-0.042197391874726264,11.51120574944054
STL(extent ~ trend() + season(period = 12)),2000-05-01,13.15,11.546440989334377,1.6980774538194872,-0.09451844315386282,11.451922546180514
STL(extent ~ trend() + season(period = 12)),2000-06-01,11.67,11.542782511872044,0.0577620743477068,0.06945541378024878,11.612237925652293
STL(extent ~ trend() + season(period = 12)),2000-07-01,9.51,11.539124034409712,-2.2115238759166966,0.1823998415069834,11.721523875916695
STL(extent ~ trend() + season(period = 12)),2000-08-01,7.17,11.53546555694738,-4.376847464391381,0.011381907444000916,11.54684746439138
STL(extent ~ trend() + season(period = 12)),2000-09-01,6.25,11.545249206243032,-5.2244871989705235,-0.07076200727250814,11.474487198970523
STL(extent ~ trend() + season(period = 12)),2000-10-01,8.38,11.555032855538684,-3.2316767437965828,0.05664388825789857,11.611676743796583
STL(extent ~ trend() + season(period = 12)),2000-11-01,10.32,11.564816504834337,-1.0760477178032966,-0.16876878703103948,11.396047717803297
STL(extent ~ trend() + season(period = 12)),2000-12-01,12.64,11.571264573814478,1.098302064750662,-0.029566638565139414,11.541697935249339
STL(extent ~ trend() + season(period = 12)),2001-01-01,14.2,11.57771264279462,2.7293391096254607,-0.10705175242008025,11.470660890374539
STL(extent ~ trend() + season(period = 12)),2001-02-01,15.21,11.58416071177476,3.687271362805694,-0.061432074580453744,11.522728637194307
STL(extent ~ trend() + season(period = 12)),2001-03-01,15.52,11.594300252561412,3.817291467943498,0.10840827949508913,11.702708532056501
STL(extent ~ trend() + season(period = 12)),2001-04-01,14.86,11.604439793348066,3.065964813622815,0.1895953930291192,11.794035186377185
STL(extent ~ trend() + season(period = 12)),2001-05-01,13.51,11.614579334134717,1.6990069360828433,0.19641372978243865,11.810993063917156
STL(extent ~ trend() + season(period = 12)),2001-06-01,11.46,11.616889293507322,0.07628948272530346,-0.2331787762326254,11.383710517274697
STL(extent ~ trend() + season(period = 12)),2001-07-01,9.07,11.619199252879925,-2.2007415870526237,-0.34845766582730064,11.270741587052624
STL(extent ~ trend() + season(period = 12)),2001-08-01,7.46,11.62150921225253,-4.420365986880078,0.2588567746275494,11.88036598688008
STL(extent ~ trend() + season(period = 12)),2001-09-01,6.73,11.606181682722172,-5.275675522163949,0.3994938394417762,12.005675522163948
STL(extent ~ trend() + season(period = 12)),2001-10-01,8.3,11.590854153191811,-3.253910093984914,-0.03694405920689725,11.553910093984914
STL(extent ~ trend() + season(period = 12)),2001-11-01,10.66,11.575526623661453,-1.0341274066603372,0.11860078299888421,11.694127406660337
STL(extent ~ trend() + season(period = 12)),2001-12-01,12.49,11.548912262714698,1.1438376298811939,-0.20274989259589127,11.346162370118806
STL(extent ~ trend() + season(period = 12)),2002-01-01,14.27,11.52229790176794,2.7303347767416764,0.017367321490382892,11.539665223258323
STL(extent ~ trend() + season(period = 12)),2002-02-01,15.34,11.495683540821185,3.661510212832476,0.18280624634634002,11.678489787167525
STL(extent ~ trend() + season(period = 12)),2002-03-01,15.35,11.465990026400043,3.8173319816675924,0.06667799193236412,11.532668018332407
STL(extent ~ trend() + season(period = 12)),2002-04-01,14.3,11.4362965119789,3.0416927508443825,-0.1779892628232833,11.258307249155617
STL(extent ~ trend() + season(period = 12)),2002-05-01,12.97,11.406602997557759,1.6817009581610192,-0.11830395571877617,11.288299041838982
STL(extent ~ trend() + season(period = 12)),2002-06-01,11.58,11.400373630445632,0.1091681357508332,0.07045823380353511,11.470831864249167
STL(extent ~ trend() + season(period = 12)),2002-07-01,9.27,11.394144263333507,-2.191102976116802,0.06695871278329513,11.461102976116802
STL(extent ~ trend() + season(period = 12)),2002-08-01,6.6,11.38791489622138,-4.442860200496134,-0.3450546957252474,11.042860200496133
STL(extent ~ trend() + season(period = 12)),2002-09-01,5.83,11.394406095566998,-5.268981740332091,-0.29542435523490873,11.09898174033209
STL(extent ~ trend() + season(period = 12)),2002-10-01,8.16,11.400897294912614,-3.2984410910275885,0.057543796114973844,11.458441091027588
STL(extent ~ trend() + season(period = 12)),2002-11-01,10.34,11.407388494258232,-0.9914491204178045,-0.07593937384042704,11.331449120417805
STL(extent ~ trend() + season(period = 12)),2002-12-01,12.61,11.416649142050051,1.1895828498401322,0.0037680081098159235,11.420417150159867
STL(extent ~ trend() + season(period = 12)),2003-01-01,14.39,11.425909789841869,2.730991778415131,0.2330984317430005,11.65900822158487
STL(extent ~ trend() + season(period = 12)),2003-02-01,15.19,11.435170437633689,3.6347520049351556,0.12007755743115567,11.555247995064844
STL(extent ~ trend() + season(period = 12)),2003-03-01,15.48,11.434189489808517,3.8157170449862408,0.23009346520524332,11.66428295501376
STL(extent ~ trend() + season(period = 12)),2003-04-01,14.51,11.433208541983348,3.014970710147432,0.06182074786921987,11.495029289852567
STL(extent ~ trend() + season(period = 12)),2003-05-01,13.02,11.432227594158176,1.6611504748076036,-0.07337806896578059,11.358849525192396
STL(extent ~ trend() + season(period = 12)),2003-06-01,11.6,11.410991722543583,0.13802606256238031,0.050982214894036204,11.46197393743762
STL(extent ~ trend() + season(period = 12)),2003-07-01,9.21,11.389755850928989,-2.1862613121773538,0.006505461248366373,11.396261312177355
STL(extent ~ trend() + season(period = 12)),2003-08-01,6.94,11.368519979314396,-4.470735417741347,0.042215438426950413,11.410735417741346
STL(extent ~ trend() + season(period = 12)),2003-09-01,6.12,11.336218832776007,-5.268253018762172,0.05203418598616416,11.388253018762171
STL(extent ~ trend() + season(period = 12)),2003-10-01,7.85,11.303917686237616,-3.349163686884753,-0.10475399935286411,11.199163686884752
STL(extent ~ trend() + season(period = 12)),2003-11-01,10.13,11.271616539699227,-0.9712370462070521,-0.17037949349217385,11.101237046207054
STL(extent ~ trend() + season(period = 12)),2003-12-01,12.59,11.259774742811905,1.229554640094502,0.10067061709359315,11.360445359905498
STL(extent ~ trend() + season(period = 12)),2004-01-01,14.03,11.247932945924584,2.7601399115408625,0.021927142534552857,11.269860088459136
STL(extent ~ trend() + season(period = 12)),2004-02-01,14.91,11.23609114903726,3.646673076823249,0.027235774139491298,11.263326923176752
STL(extent ~ trend() + season(period = 12)),2004-03-01,14.99,11.23837326784717,3.823206374774907,-0.07157964262207628,11.166793625225093
STL(extent ~ trend() + season(period = 12)),2004-04-01,13.99,11.24065538665708,3.0423747700046784,-0.293030156661759,10.947625229995321
STL(extent ~ trend() + season(period = 12)),2004-05-01,12.56,11.242937505466989,1.7108963497758571,-0.3938338552428444,10.849103650224144
STL(extent ~ trend() + season(period = 12)),2004-06-01,11.45,11.231142766899445,0.1932161580423428,0.02564107505821056,11.256783841957656
STL(extent ~ trend() + season(period = 12)),2004-07-01,9.43,11.219348028331904,-2.2140655769500497,0.4247175486181458,11.64406557695005
STL(extent ~ trend() + season(period = 12)),2004-08-01,6.85,11.20755328976436,-4.54802275866418,0.19046946889981875,11.39802275866418
STL(extent ~ trend() + season(period = 12)),2004-09-01,5.98,11.189941239177836,-5.371617138411504,0.16167589923366954,11.351617138411505
STL(extent ~ trend() + season(period = 12)),2004-10-01,7.93,11.17232918859131,-3.453897269010004,0.21156808041869368,11.383897269010003
STL(extent ~ trend() + season(period = 12)),2004-11-01,10.34,11.154717138004784,-0.9418210306110085,0.12710389260622357,11.281821030611008
STL(extent ~ trend() + season(period = 12)),2004-12-01,12.55,11.127372896065383,1.2787486904299503,0.1438784135046678,11.27125130957005
STL(extent ~ trend() + season(period = 12)),2005-01-01,13.66,11.100028654125984,2.798528623443459,-0.23855727756944312,10.86147137655654
STL(extent ~ trend() + season(period = 12)),2005-02-01,14.37,11.072684412186582,3.6670553268424393,-0.36973973902902024,10.702944673157562
STL(extent ~ trend() + season(period = 12)),2005-03-01,14.69,11.041295839299925,3.8383774820489016,-0.18967332134882753,10.851622517951098
STL(extent ~ trend() + season(period = 12)),2005-04-01,14.09,11.009907266413268,3.076062381146261,0.004030352440469898,11.013937618853738
STL(extent ~ trend() + season(period = 12)),2005-05-01,12.91,10.978518693526611,1.7655275498274554,0.16595375664593348,11.144472450172545
STL(extent ~ trend() + season(period = 12)),2005-06-01,11.16,10.956596909008582,0.2515703414502735,-0.04816725045885484,10.908429658549727
STL(extent ~ trend() + season(period = 12)),2005-07-01,8.65,10.93467512449055,-2.240426990950154,-0.04424813354039614,10.890426990950154
STL(extent ~ trend() + season(period = 12)),2005-08-01,6.3,10.91275333997252,-4.625494367167487,0.012741027194968169,10.925494367167488
STL(extent ~ trend() + season(period = 12)),2005-09-01,5.5,10.891183163948876,-5.476792643994375,0.08560948004550006,10.976792643994376
STL(extent ~ trend() + season(period = 12)),2005-10-01,7.35,10.869612987925231,-3.5616866076251155,0.04207361969988277,10.911686607625114
STL(extent ~ trend() + season(period = 12)),2005-11-01,10.22,10.848042811901587,-0.9153135278793701,0.2872707159777832,11.13531352787937
STL(extent ~ trend() + season(period = 12)),2005-12-01,12.23,10.838897172224316,1.304740224953277,0.08636260282240826,10.925259775046724
STL(extent ~ trend() + season(period = 12)),2006-01-01,13.47,10.829751532547043,2.8267124273272928,-0.18646395987433273,10.64328757267271
STL(extent ~ trend() + season(period = 12)),2006-02-01,14.32,10.820605892869771,3.69760301790018,-0.19820891076995117,10.62239698209982
STL(extent ~ trend() + season(period = 12)),2006-03-01,14.42,10.824544473201923,3.882686261327952,-0.28723073452987613,10.537313738672047
STL(extent ~ trend() + season(period = 12)),2006-04-01,13.91,10.828483053534075,3.179626268695318,-0.0981093222293925,10.730373731304683
STL(extent ~ trend() + season(period = 12)),2006-05-01,12.52,10.832421633866227,1.8616025706846733,-0.17402420455090173,10.658397429315325
STL(extent ~ trend() + season(period = 12)),2006-06-01,10.92,10.83211191429104,0.25818218516369457,-0.1702940994547344,10.661817814836306
STL(extent ~ trend() + season(period = 12)),2006-07-01,8.46,10.831802194715854,-2.3121572885007344,-0.059644906215117643,10.772157288500736
STL(extent ~ trend() + season(period = 12)),2006-08-01,6.5,10.831492475140667,-4.700792636212706,0.3693001610720401,11.200792636212707
STL(extent ~ trend() + season(period = 12)),2006-09-01,5.86,10.833566460105448,-5.587828401240844,0.6142619411353962,11.447828401240844
STL(extent ~ trend() + season(period = 12)),2006-10-01,7.54,10.835640445070231,-3.6549736332443605,0.35933318817412996,11.194973633244361
STL(extent ~ trend() + season(period = 12)),2006-11-01,9.66,10.837714430035012,-0.8912909409316072,-0.2864234891034041,10.551290940931608
STL(extent ~ trend() + season(period = 12)),2006-12-01,11.95,10.804373049808845,1.328916023544583,-0.18328907335342848,10.621083976455417
STL(extent ~ trend() + season(period = 12)),2007-01-01,13.7,10.771031669582678,2.853749675130962,0.07521865528635985,10.846250324869038
STL(extent ~ trend() + season(period = 12)),2007-02-01,14.51,10.737690289356511,3.7274620752474803,0.04484763539600678,10.782537924752518
STL(extent ~ trend() + season(period = 12)),2007-03-01,14.54,10.678460571924257,3.926764329266288,-0.06522490119054503,10.613235670733712
STL(extent ~ trend() + season(period = 12)),2007-04-01,13.85,10.619230854492004,3.2831036490050494,-0.05233450349705571,10.566896350994949
STL(extent ~ trend() + season(period = 12)),2007-05-01,12.78,10.56000113705975,1.9577352884039547,0.2622635745362949,10.822264711596045
STL(extent ~ trend() + season(period = 12)),2007-06-01,11.22,10.555854173320318,0.2647813068262968,0.3993645198533855,10.955218693173704
STL(extent ~ trend() + season(period = 12)),2007-07-01,7.94,10.551707209580885,-2.383970727015016,-0.22773648256586831,10.323970727015016
STL(extent ~ trend() + season(period = 12)),2007-08-01,5.34,10.547560245841453,-4.77628787999084,-0.4312723658506137,10.11628787999084
STL(extent ~ trend() + season(period = 12)),2007-09-01,4.27,10.574211429783615,-5.699174966989439,-0.6050364627941764,9.969174966989439
STL(extent ~ trend() + season(period = 12)),2007-10-01,6.04,10.600862613725775,-3.748641043801655,-0.8122215699241195,9.788641043801656
STL(extent ~ trend() + season(period = 12)),2007-11-01,9.76,10.627513797667937,-0.9052176001817097,0.03770380251377148,10.665217600181709
STL(extent ~ trend() + season(period = 12)),2007-12-01,12.03,10.668793629043009,1.328923051907559,0.032283319049431825,10.70107694809244
STL(extent ~ trend() + season(period = 12)),2008-01-01,13.89,10.71007346041808,2.8993996785659606,0.2805268610159608,10.99060032143404
STL(extent ~ trend() + season(period = 12)),2008-02-01,14.95,10.751353291793151,3.7848774882794505,0.41376921992739746,11.165122511720549
STL(extent ~ trend() + season(period = 12)),2008-03-01,15.18,10.807917640470471,4.0224493421041485,0.3496330174253792,11.15755065789585
STL(extent ~ trend() + season(period = 12)),2008-04-01,14.35,10.864481989147793,3.4139201059539652,0.07159790489824225,10.936079894046035
STL(extent ~ trend() + season(period = 12)),2008-05-01,12.97,10.921046337825112,2.0470950152776903,0.0018586468971975023,10.92290498472231
STL(extent ~ trend() + season(period = 12)),2008-06-01,11.21,10.94152092738649,0.25518708579802074,0.013291986815490375,10.95481291420198
STL(extent ~ trend() + season(period = 12)),2008-07-01,8.68,10.961995516947868,-2.4710310141273744,0.18903549717950696,11.151031014127375
STL(extent ~ trend() + season(period = 12)),2008-08-01,5.91,10.982470106509245,-4.876250636110416,-0.19621947039882848,10.786250636110417
STL(extent ~ trend() + season(period = 12)),2008-09-01,4.69,10.979880201847898,-5.833463302746526,-0.45641689910137373,10.523463302746524
STL(extent ~ trend() + season(period = 12)),2008-10-01,7.35,10.977290297186553,-3.8448258654574605,0.21753556827090748,11.19482586545746
STL(extent ~ trend() + season(period = 12)),2008-11-01,10.34,10.974700392525206,-0.9161324458629584,0.28143205333775256,11.256132445862958
STL(extent ~ trend() + season(period = 12)),2008-12-01,12.36,10.982830553166487,1.3319366447330316,0.04523280210048064,11.028063355266967
STL(extent ~ trend() + season(period = 12)),2009-01-01,13.91,10.990960713807768,2.9480509973570976,-0.02901171116486445,10.961949002642903
STL(extent ~ trend() + season(period = 12)),2009-02-01,14.81,10.999090874449049,3.845378046806896,-0.03446892125594481,10.964621953193104
STL(extent ~ trend() + season(period = 12)),2009-03-01,14.98,10.999119981568615,4.121303330576823,-0.1404233121454368,10.858696669423178
STL(extent ~ trend() + season(period = 12)),2009-04-01,14.5,10.999149088688183,3.548175805750761,-0.04732489443894394,10.95182419424924
STL(extent ~ trend() + season(period = 12)),2009-05-01,13.19,10.99917819580775,2.140164252212372,0.05065755197987798,11.049835747787627
STL(extent ~ trend() + season(period = 12)),2009-06-01,11.32,10.983528811155342,0.24961826145040522,0.08685292739425421,11.070381738549596
STL(extent ~ trend() + season(period = 12)),2009-07-01,8.47,10.967879426502932,-2.5537500179393584,0.055870591436427475,11.02375001793936
STL(extent ~ trend() + season(period = 12)),2009-08-01,6.14,10.952230041850525,-4.971759615083881,0.15952957323335504,11.11175961508388
STL(extent ~ trend() + season(period = 12)),2009-09-01,5.26,10.93646666052025,-5.963185367511768,0.28671870699151825,11.223185367511768
STL(extent ~ trend() + season(period = 12)),2009-10-01,6.92,10.920703279189974,-3.9367380228563063,-0.06396525633366856,10.856738022856305
STL(extent ~ trend() + season(period = 12)),2009-11-01,9.77,10.904939897859698,-0.9170925844825697,-0.21784731337712948,10.687092584482569
STL(extent ~ trend() + season(period = 12)),2009-12-01,12.2,10.879004406240773,1.365493059840571,-0.04449746608134397,10.834506940159429
STL(extent ~ trend() + season(period = 12)),2010-01-01,13.74,10.853068914621849,2.9750023045350225,-0.08807121915687155,10.764997695464977
STL(extent ~ trend() + season(period = 12)),2010-02-01,14.58,10.827133423002923,3.868687224118926,-0.11582064712184881,10.711312775881074
STL(extent ~ trend() + season(period = 12)),2010-03-01,15.14,10.806486987160882,4.181277539470877,0.15223547336824161,10.958722460529124
STL(extent ~ trend() + season(period = 12)),2010-04-01,14.66,10.785840551318843,3.6065455717301713,0.2676138769509855,11.053454428269829
STL(extent ~ trend() + season(period = 12)),2010-05-01,12.87,10.765194115476802,2.16458993272625,-0.05978404820305272,10.70541006727375
STL(extent ~ trend() + season(period = 12)),2010-06-01,10.59,10.74143370334568,0.24004489910053972,-0.39147860244621846,10.34995510089946
STL(extent ~ trend() + season(period = 12)),2010-07-01,8.07,10.717673291214558,-2.6043273126159887,-0.043345978598567925,10.67432731261599
STL(extent ~ trend() + season(period = 12)),2010-08-01,5.87,10.693912879083435,-5.008183443836244,0.18427056475280956,10.878183443836244
STL(extent ~ trend() + season(period = 12)),2010-09-01,4.87,10.664333069939566,-5.991503980456842,0.19717091051727564,10.861503980456842
STL(extent ~ trend() + season(period = 12)),2010-10-01,6.98,10.634753260795698,-3.9273228495135886,0.27256958871789116,10.907322849513589
STL(extent ~ trend() + season(period = 12)),2010-11-01,9.61,10.60517345165183,-0.9334438600660417,-0.06172959158578806,10.543443860066041
STL(extent ~ trend() + season(period = 12)),2010-12-01,11.83,10.583476644566137,1.3843063906411928,-0.13778303520732926,10.445693609358807
STL(extent ~ trend() + season(period = 12)),2011-01-01,13.46,10.561779837480445,2.987858580062972,-0.0896384175434175,10.472141419937028
STL(extent ~ trend() + season(period = 12)),2011-02-01,14.36,10.540083030394753,3.8797646997510458,-0.05984773014579936,10.480235300248953
STL(extent ~ trend() + season(period = 12)),2011-03-01,14.55,10.525990978580337,4.2308833766550835,-0.20687435523541886,10.319116623344918
STL(extent ~ trend() + season(period = 12)),2011-04-01,14.11,10.511898926765921,3.657363576457252,-0.059262503223173724,10.452636423542748
STL(extent ~ trend() + season(period = 12)),2011-05-01,12.68,10.497806874951506,2.184280462445314,-0.002087337396819322,10.495719537554686
STL(extent ~ trend() + season(period = 12)),2011-06-01,10.75,10.513586448515138,0.2289857279204851,0.007427823564377434,10.521014272079515
STL(extent ~ trend() + season(period = 12)),2011-07-01,7.72,10.52936602207877,-2.653141074158184,-0.1562249479205864,10.373141074158184
STL(extent ~ trend() + season(period = 12)),2011-08-01,5.5,10.545145595642403,-5.039895635510039,-0.005249960132363896,10.539895635510039
STL(extent ~ trend() + season(period = 12)),2011-09-01,4.56,10.57510787899858,-6.012162852379214,-0.00294502661936491,10.572162852379215
STL(extent ~ trend() + season(period = 12)),2011-10-01,6.46,10.605070162354757,-3.908148276894282,-0.23692188546047355,10.368148276894283
STL(extent ~ trend() + season(period = 12)),2011-11-01,9.77,10.635032445710934,-0.9182985091698802,0.05326606345894547,10.68829850916988
STL(extent ~ trend() + season(period = 12)),2011-12-01,12.15,10.624295636123707,1.4160761426415756,0.10962822123471838,10.733923857358425
STL(extent ~ trend() + season(period = 12)),2012-01-01,13.73,10.61355882653648,2.984173940550063,0.132267232913458,10.745826059449938
STL(extent ~ trend() + season(period = 12)),2012-02-01,14.55,10.602822016949252,3.8595918277710086,0.08758615527973923,10.690408172228992
STL(extent ~ trend() + season(period = 12)),2012-03-01,15.2,10.559423397861917,4.194306552795336,0.44627004934274694,11.005693447204663
STL(extent ~ trend() + season(period = 12)),2012-04-01,14.63,10.51602477877458,3.616827165854109,0.49714805537131035,11.013172834145891
STL(extent ~ trend() + season(period = 12)),2012-05-01,13.01,10.472626159687245,2.1424136181682463,0.3949602221445083,10.867586381831753
STL(extent ~ trend() + season(period = 12)),2012-06-01,10.67,10.450973525005054,0.24267252080083274,-0.023646045805886473,10.427327479199167
STL(extent ~ trend() + season(period = 12)),2012-07-01,7.67,10.429320890322865,-2.630564327253498,-0.12875656306936634,10.300564327253499
STL(extent ~ trend() + season(period = 12)),2012-08-01,4.72,10.407668255640674,-5.0254218201557705,-0.6622464354849047,9.74542182015577
STL(extent ~ trend() + season(period = 12)),2012-09-01,3.57,10.412480203598404,-5.976076758236509,-0.866403445361895,9.54607675823651
STL(extent ~ trend() + season(period = 12)),2012-10-01,5.89,10.417292151556135,-3.8735871700428506,-0.6537049815132843,9.76358717004285
STL(extent ~ trend() + season(period = 12)),2012-11-01,9.39,10.422104099513865,-0.903698205463195,-0.12840589405066893,10.293698205463196
STL(extent ~ trend() + season(period = 12)),2012-12-01,12.01,10.475741937437181,1.4465274948652498,0.08773056769756948,10.563472505134751
STL(extent ~ trend() + season(period = 12)),2013-01-01,13.7,10.529379775360496,2.978397548673213,0.19222267596629017,10.721602451326786
STL(extent ~ trend() + season(period = 12)),2013-02-01,14.72,10.583017613283813,3.837275309207161,0.2997070775090265,10.88272469079284
STL(extent ~ trend() + season(period = 12)),2013-03-01,15.03,10.663633816907545,4.155534188131905,0.21083199496055016,10.874465811868095
STL(extent ~ trend() + season(period = 12)),2013-04-01,14.3,10.744250020531275,3.574653859868835,-0.01890388040011004,10.725346140131165
STL(extent ~ trend() + season(period = 12)),2013-05-01,13,10.824866224155008,2.0994685239305966,0.07566525191439588,10.900531476069403
STL(extent ~ trend() + season(period = 12)),2013-06-01,11.36,10.847502298354602,0.25609163534652213,0.25640606629887586,11.103908364653478
STL(extent ~ trend() + season(period = 12)),2013-07-01,8.13,10.870138372554194,-2.6074446870575474,-0.13269368549664762,10.737444687057547
STL(extent ~ trend() + season(period = 12)),2013-08-01,6.01,10.892774446753789,-5.009818202738756,0.12704375598496576,11.019818202738755
STL(extent ~ trend() + season(period = 12)),2013-09-01,5.21,10.877052007510258,-5.938273953259574,0.2712219457493177,11.148273953259576
STL(extent ~ trend() + season(period = 12)),2013-10-01,7.45,10.86132956826673,-3.837277673304677,0.4259481050379499,11.28727767330468
STL(extent ~ trend() + season(period = 12)),2013-11-01,9.94,10.845607129023199,-0.9075705333015337,0.00196340427833519,10.847570533301534
STL(extent ~ trend() + season(period = 12)),2013-12-01,12.18,10.830716725890996,1.4547841276334887,-0.10550085352448413,10.725215872366512
STL(extent ~ trend() + season(period = 12)),2014-01-01,13.65,10.815826322758795,2.9705237785007985,-0.1363501012595929,10.679476221499202
STL(extent ~ trend() + season(period = 12)),2014-02-01,14.42,10.800935919626593,3.8237064859197836,-0.2046424055463767,10.596293514080216
STL(extent ~ trend() + season(period = 12)),2014-03-01,14.76,10.798231793975443,4.104369588293443,-0.14260138226888586,10.655630411706557
STL(extent ~ trend() + season(period = 12)),2014-04-01,14.09,10.795527668324295,3.500814278175678,-0.20634194649997362,10.589185721824322
STL(extent ~ trend() + season(period = 12)),2014-05-01,12.7,10.792823542673146,2.048196291298029,-0.14101983397117657,10.65180370870197
STL(extent ~ trend() + season(period = 12)),2014-06-01,11.03,10.79324673608897,0.2808778183448987,-0.04412455443386776,10.749122181655101
STL(extent ~ trend() + season(period = 12)),2014-07-01,8.11,10.79366992950479,-2.538066547003782,-0.1456033825010099,10.648066547003781
STL(extent ~ trend() + season(period = 12)),2014-08-01,6.08,10.794093122920614,-4.971419149838732,0.25732602691811834,11.051419149838733
STL(extent ~ trend() + season(period = 12)),2014-09-01,5.22,10.784295839201963,-5.862335184829456,0.2980393456274939,11.082335184829457
STL(extent ~ trend() + season(period = 12)),2014-10-01,7.23,10.774498555483312,-3.8238006186958384,0.27930206321252626,11.053800618695838
STL(extent ~ trend() + season(period = 12)),2014-11-01,10.11,10.764701271764661,-0.9165437310101325,0.26184245924547156,11.026543731010133
STL(extent ~ trend() + season(period = 12)),2014-12-01,12.35,10.745276760153434,1.4581299279705313,0.14659331187603541,10.89187007202947
STL(extent ~ trend() + season(period = 12)),2015-01-01,13.6,10.725852248542207,2.957929213336252,-0.08378146187845914,10.642070786663748
STL(extent ~ trend() + season(period = 12)),2015-02-01,14.4,10.70642773693098,3.805562320637051,-0.11199005756803082,10.594437679362949
STL(extent ~ trend() + season(period = 12)),2015-03-01,14.37,10.679377075412457,4.048775099456402,-0.3581521748688594,10.321224900543598
STL(extent ~ trend() + season(period = 12)),2015-04-01,13.89,10.652326413893935,3.4225647708136346,-0.1848911847075687,10.467435229186366
STL(extent ~ trend() + season(period = 12)),2015-05-01,12.47,10.625275752375412,1.9925340963262672,-0.14780984870167835,10.477465903673734
STL(extent ~ trend() + season(period = 12)),2015-06-01,10.88,10.606870043620834,0.3012556602937073,-0.028125703914540168,10.578744339706294
STL(extent ~ trend() + season(period = 12)),2015-07-01,8.38,10.588464334866254,-2.473115126709957,0.2646507918437049,10.853115126709959
STL(extent ~ trend() + season(period = 12)),2015-08-01,5.6,10.570058626111676,-4.937268842273048,-0.03278978383862885,10.537268842273047
STL(extent ~ trend() + season(period = 12)),2015-09-01,4.62,10.550550857487718,-5.790467187308078,-0.14008367017963863,10.410467187308079
STL(extent ~ trend() + season(period = 12)),2015-10-01,6.97,10.531043088863761,-3.813818049877796,0.25277496101403507,10.783818049877796
STL(extent ~ trend() + season(period = 12)),2015-11-01,9.85,10.511535320239803,-0.9138899439999396,0.2523546237601355,10.763889943999938
STL(extent ~ trend() + season(period = 12)),2015-12-01,12.04,10.479969333154719,1.4507192085649943,0.10931145828028654,10.589280791435005
STL(extent ~ trend() + season(period = 12)),2016-01-01,13.46,10.448403346069636,2.965477683455483,0.04611897047488256,10.494522316544519
STL(extent ~ trend() + season(period = 12)),2016-02-01,14.2,10.416837358984552,3.8196843671893155,-0.036521726173868174,10.380315632810683
STL(extent ~ trend() + season(period = 12)),2016-03-01,14.4,10.370570039831025,4.040466814784904,-0.01103685461592896,10.359533185215096
STL(extent ~ trend() + season(period = 12)),2016-04-01,13.68,10.3243027206775,3.370112920985043,-0.014415641662543166,10.309887079014956
STL(extent ~ trend() + season(period = 12)),2016-05-01,11.92,10.278035401523972,1.9678606334640014,-0.3258960349879736,9.952139366535999
STL(extent ~ trend() + season(period = 12)),2016-06-01,10.41,10.240775854481607,0.31047067050008426,-0.14124652498169077,10.099529329499916
STL(extent ~ trend() + season(period = 12)),2016-07-01,7.94,10.20351630743924,-2.4491200465803624,0.18560373914112205,10.389120046580363
STL(extent ~ trend() + season(period = 12)),2016-08-01,5.37,10.166256760396875,-4.9274268884529935,0.13117012805611772,10.297426888452993
STL(extent ~ trend() + season(period = 12)),2016-09-01,4.53,10.170133200584633,-5.761830944405561,0.12169774382092768,10.291830944405561
STL(extent ~ trend() + season(period = 12)),2016-10-01,6.08,10.17400964077239,-3.9158435943021623,-0.1781660464702277,9.995843594302162
STL(extent ~ trend() + season(period = 12)),2016-11-01,8.66,10.177886080960148,-0.8965821326014228,-0.6213039483587242,9.556582132601424
STL(extent ~ trend() + season(period = 12)),2016-12-01,11.46,10.201464006368939,1.4571653864089478,-0.19862939277788527,10.002834613591054
STL(extent ~ trend() + season(period = 12)),2017-01-01,13.19,10.225041931777731,2.986085923685372,-0.021127855463102918,10.203914076314629
STL(extent ~ trend() + season(period = 12)),2017-02-01,14.12,10.248619857186522,3.845094172844788,0.026285969968689926,10.274905827155212
STL(extent ~ trend() + season(period = 12)),2017-03-01,14.29,10.28194191343113,4.041674278209164,-0.03361619164029506,10.248325721790835
STL(extent ~ trend() + season(period = 12)),2017-04-01,13.75,10.315263969675739,3.3247261424651366,0.11000988785912469,10.425273857534863
STL(extent ~ trend() + season(period = 12)),2017-05-01,12.63,10.348586025920346,1.9478015651233482,0.3336124089563075,10.682198434876653
STL(extent ~ trend() + season(period = 12)),2017-06-01,10.76,10.36583485302622,0.32159760649143765,0.07256754048234271,10.438402393508563
STL(extent ~ trend() + season(period = 12)),2017-07-01,7.94,10.383083680132094,-2.425915509402427,-0.0171681707296667,10.365915509402427
STL(extent ~ trend() + season(period = 12)),2017-08-01,5.48,10.400332507237968,-4.920858462607899,5.259553699321629e-4,10.4008584626079
STL(extent ~ trend() + season(period = 12)),2017-09-01,4.82,10.392330951256882,-5.738951214501302,0.16662026324442003,10.558951214501302
STL(extent ~ trend() + season(period = 12)),2017-10-01,6.77,10.384329395275799,-4.025552423062701,0.41122302778689956,10.795552423062698
STL(extent ~ trend() + season(period = 12)),2017-11-01,9.49,10.376327839294714,-0.9198574384503438,0.0335295991556297,10.409857438450343
STL(extent ~ trend() + season(period = 12)),2017-12-01,11.74,10.374515221068838,1.4608883083500326,-0.09540352941887065,10.279111691649968
STL(extent ~ trend() + season(period = 12)),2018-01-01,13.08,10.372702602842963,3.037203533420469,-0.3299061362634319,10.042796466579532
STL(extent ~ trend() + season(period = 12)),2018-02-01,13.97,10.370889984617088,3.902561942808437,-0.3034519274255256,10.067438057191563
STL(extent ~ trend() + season(period = 12)),2018-03-01,14.3,10.375361665196781,4.074220514039792,-0.14958217923657102,10.22577948596021
STL(extent ~ trend() + season(period = 12)),2018-04-01,13.7,10.379833345776474,3.32673367407752,-0.006567019853994438,10.37326632592248
STL(extent ~ trend() + season(period = 12)),2018-05-01,12.23,10.384305026356166,1.9926987040576498,-0.1470037304138163,10.23730129594235
STL(extent ~ trend() + season(period = 12)),2018-06-01,10.78,10.399580170632222,0.31937277664831326,0.061047052719464645,10.460627223351686
STL(extent ~ trend() + season(period = 12)),2018-07-01,8.27,10.414855314908277,-2.4727564894414544,0.3279011745331779,10.742756489441454
STL(extent ~ trend() + season(period = 12)),2018-08-01,5.61,10.430130459184332,-4.930338572139793,0.11020811295546373,10.540338572139795
STL(extent ~ trend() + season(period = 12)),2018-09-01,4.79,10.43284491656028,-5.7694199164866555,0.1265749999263761,10.559419916486656
STL(extent ~ trend() + season(period = 12)),2018-10-01,6.13,10.43555937393623,-4.091648409417505,-0.2139109645187247,10.221648409417504
STL(extent ~ trend() + season(period = 12)),2018-11-01,9.82,10.438273831312177,-0.9475385071974516,0.3292646758852751,10.767538507197452
STL(extent ~ trend() + season(period = 12)),2018-12-01,11.86,10.41039210946045,1.4613709423543992,-0.01176305181484949,10.3986290576456
STL(extent ~ trend() + season(period = 12)),2019-01-01,13.57,10.382510387608724,3.086246330180317,0.10124328221096057,10.483753669819684
STL(extent ~ trend() + season(period = 12)),2019-02-01,14.39,10.354628665756996,3.95908471440389,0.07628661983911478,10.430915285596111
STL(extent ~ trend() + season(period = 12)),2019-03-01,14.57,10.32276599184814,4.1069515661092755,0.14028244204258478,10.463048433890725
STL(extent ~ trend() + season(period = 12)),2019-04-01,13.43,10.290903317939286,3.329944818994014,-0.19084813693330105,10.100055181005985
STL(extent ~ trend() + season(period = 12)),2019-05-01,12.19,10.25904064403043,2.039818253361318,-0.10885889739174814,10.150181746638681
STL(extent ~ trend() + season(period = 12)),2019-06-01,10.59,10.254547380051172,0.32024965570749647,0.015202964241332495,10.269750344292504
STL(extent ~ trend() + season(period = 12)),2019-07-01,7.59,10.250054116071915,-2.5156164620452337,-0.14443765402668163,10.105616462045234
STL(extent ~ trend() + season(period = 12)),2019-08-01,5.03,10.245560852092657,-4.935082999972084,-0.28047785212057263,9.965082999972084
STL(extent ~ trend() + season(period = 12)),2019-09-01,4.36,10.255916338263996,-5.794398262508048,-0.10151807575594596,10.15439826250805
STL(extent ~ trend() + season(period = 12)),2019-10-01,5.73,10.266271824435336,-4.151657005918333,-0.38461481851700263,9.881657005918333
STL(extent ~ trend() + season(period = 12)),2019-11-01,9.35,10.276627310606674,-0.9346797347896136,0.008052424182938722,10.284679734789613
STL(extent ~ trend() + season(period = 12)),2019-12-01,11.9,10.273693734458341,1.4571859228951896,0.1691203426464689,10.44281407710481
STL(extent ~ trend() + season(period = 12)),2020-01-01,13.64,10.270760158310008,3.099296461499814,0.2699433801901776,10.540703538500185
STL(extent ~ trend() + season(period = 12)),2020-02-01,14.64,10.267826582161675,3.9556486944853257,0.4165247233529996,10.684351305514674
STL(extent ~ trend() + season(period = 12)),2020-03-01,14.73,10.245833405190703,4.106809725707206,0.3773568691020923,10.623190274292796
STL(extent ~ trend() + season(period = 12)),2020-04-01,13.62,10.22384022821973,3.3372251199943563,0.05893465178591306,10.282774880005643
STL(extent ~ trend() + season(period = 12)),2020-05-01,12.34,10.201847051248759,2.0656832121143776,0.0724697366368634,10.274316787885622
STL(extent ~ trend() + season(period = 12)),2020-06-01,10.59,10.182899339499631,0.32499544849890377,0.08210521200146559,10.265004551501097
STL(extent ~ trend() + season(period = 12)),2020-07-01,7.29,10.163951627750505,-2.518825543485469,-0.3551260842650361,9.808825543485469
STL(extent ~ trend() + season(period = 12)),2020-08-01,5.07,10.145003916001377,-4.9330984634263,-0.14190545257507559,10.003098463426301
STL(extent ~ trend() + season(period = 12)),2020-09-01,4,10.14890665501894,-5.8147517910491535,-0.3341548639697862,9.814751791049154
STL(extent ~ trend() + season(period = 12)),2020-10-01,5.33,10.152809394036503,-4.161482593990367,-0.6613268000461368,9.491482593990366
STL(extent ~ trend() + season(period = 12)),2020-11-01,8.99,10.156712133054066,-0.9239367668654347,-0.24277536618863138,9.913936766865435
STL(extent ~ trend() + season(period = 12)),2020-12-01,11.73,10.195027339921348,1.4504807540659206,0.08449190601273138,10.279519245934079
STL(extent ~ trend() + season(period = 12)),2021-01-01,13.5,10.23334254678863,3.109422098562852,0.1572353546485168,10.390577901437148
STL(extent ~ trend() + season(period = 12)),2021-02-01,14.39,10.271657753655912,3.949282682189171,0.1690595641549173,10.44071731781083
STL(extent ~ trend() + season(period = 12)),2021-03-01,14.66,10.338338513286832,4.103732394806416,0.21792909190675225,10.556267605193584
STL(extent ~ trend() + season(period = 12)),2021-04-01,13.79,10.405019272917754,3.3418802516955917,0.043100475386653514,10.448119748304407
STL(extent ~ trend() + season(period = 12)),2021-05-01,12.68,10.471700032548673,2.089233322767943,0.11906664468338413,10.590766677232057
STL(extent ~ trend() + season(period = 12)),2021-06-01,10.77,10.514718088408287,0.3278879243197574,-0.07260601272804479,10.442112075680242
STL(extent ~ trend() + season(period = 12)),2021-07-01,7.65,10.5577361442679,-2.523426410767319,-0.3843097335005794,10.17342641076732
STL(extent ~ trend() + season(period = 12)),2021-08-01,5.71,10.600754200127513,-4.932109060188572,0.04135486006105893,10.642109060188572
STL(extent ~ trend() + season(period = 12)),2021-09-01,4.95,10.617615723372689,-5.8357038003647546,0.16808807699206518,10.785703800364754
STL(extent ~ trend() + season(period = 12)),2021-10-01,6.82,10.634477246617864,-4.171690291735525,0.3572130451176623,10.991690291735527
STL(extent ~ trend() + season(period = 12)),2021-11-01,9.83,10.65133876986304,-0.9217972897031058,0.10045851984006582,10.751797289703106
STL(extent ~ trend() + season(period = 12)),2021-12-01,12.15,10.668350161710404,1.450358196489655,0.03129164179994248,10.699641803510346
STL(extent ~ trend() + season(period = 12)),2022-01-01,13.87,10.685361553557767,3.1172703828773023,0.06736806356492764,10.752729617122695
STL(extent ~ trend() + season(period = 12)),2022-02-01,14.61,10.70237294540513,3.9519897111688533,-0.04436265657398408,10.658010288831147
STL(extent ~ trend() + season(period = 12)),2022-03-01,14.59,10.702795380479074,4.106125819818203,-0.21892120029727735,10.483874180181797
STL(extent ~ trend() + season(period = 12)),2022-04-01,13.99,10.70321781555302,3.343233847647193,-0.05645166320021211,10.646766152352807
STL(extent ~ trend() + season(period = 12)),2022-05-01,12.88,10.703640250626963,2.098527220079327,0.0778325292937101,10.781472779920673
STL(extent ~ trend() + season(period = 12)),2022-06-01,10.88,10.682337210033843,0.32802343774996107,-0.13036064778380307,10.55197656225004
STL(extent ~ trend() + season(period = 12)),2022-07-01,8.29,10.661034169440725,-2.530430330477135,0.1593961610364083,10.820430330477134
STL(extent ~ trend() + season(period = 12)),2022-08-01,5.95,10.639731128847606,-4.932388869662568,0.2426577408149626,10.882388869662568
STL(extent ~ trend() + season(period = 12)),2022-09-01,4.9,10.624903460410474,-5.844175726221219,0.11927226581074457,10.744175726221219
STL(extent ~ trend() + season(period = 12)),2022-10-01,6.66,10.61007579197334,-4.177241660631879,0.22716586865853827,10.837241660631879
STL(extent ~ trend() + season(period = 12)),2022-11-01,9.73,10.595248123536209,-0.9201879703722377,0.054939846836029815,10.650187970372238
STL(extent ~ trend() + season(period = 12)),2022-12-01,11.89,10.581406779032505,1.449736092925328,-0.14114287195783248,10.440263907074673
STL(extent ~ trend() + season(period = 12)),2023-01-01,13.35,10.567565434528804,3.124649733047091,-0.34221516757589576,10.225350266952908
STL(extent ~ trend() + season(period = 12)),2023-02-01,14.18,10.553724090025101,3.9543059575210466,-0.3280300475461484,10.225694042478953
STL(extent ~ trend() + season(period = 12)),2023-03-01,14.44,10.543234584974979,4.108206613719674,-0.21144119869465428,10.331793386280324
STL(extent ~ trend() + season(period = 12)),2023-04-01,13.99,10.532745079924858,3.3443846343483035,0.11287028572683866,10.645615365651697
STL(extent ~ trend() + season(period = 12)),2023-05-01,12.83,10.522255574874736,2.1077281300000434,0.2000162951252218,10.722271869999958
STL(extent ~ trend() + season(period = 12)),2023-06-01,10.96,10.533025907789686,0.32819301962984554,0.09878107258047031,10.631806980370156
STL(extent ~ trend() + season(period = 12)),2023-07-01,8.18,10.543796240704634,-2.5372731258969226,0.17347688519228832,10.717273125896922
STL(extent ~ trend() + season(period = 12)),2023-08-01,5.57,10.554566573619583,-4.932392658308557,-0.052173915311025,10.502392658308558
STL(extent ~ trend() + season(period = 12)),2023-09-01,4.37,10.56683500067324,-5.852256734711698,-0.34457826596154106,10.2222567347117
STL(extent ~ trend() + season(period = 12)),2023-10-01,6.37,10.579103427726897,-4.182324659084196,-0.026778768642701678,10.552324659084196
STL(extent ~ trend() + season(period = 12)),2023-11-01,9.66,10.591371854780554,-0.9188775459255684,-0.012494308854986258,10.578877545925568
STL(extent ~ trend() + season(period = 12)),2023-12-01,12,10.604134108311772,1.4493773116107493,-0.05351141992252195,10.55062268838925
STL(extent ~ trend() + season(period = 12)),2024-01-01,13.92,10.616896361842992,3.128217585763152,0.17488605239385713,10.791782414236849
STL(extent ~ trend() + season(period = 12)),2024-02-01,14.61,10.62965861537421,3.954329183408309,0.02601220121748149,10.655670816591691
